Country,1974,1975,1976,1977,1978,1979,1980,1981,1982,1983,1984,1985,1986,1987,1988,1989,1990,1991,1992,1993,1994,1995,1996,1997,1998,1999,2000,2001,2002,2003,2004,2005,2006,2007,2008,2009,2010,2011,2012,2013,2014,2015,2016,2017,2018,2019,2020,2021
Afghanistan,0.5680896,37.013504,2.0249221,2155.9534,3321.0454,3304.9524,2449.8037,2382.9478,1593.7255,1518.121,1344.6501,1226.9371,698.81909,900.37384,395.19974,99.337746,131.35767,60.95121,,,,,,,116.88931,185.99258,325.07217,417.91473,113.10282,34.597874,19.320868,51.693192,76.854752,42.86734,58.584305,102.16398,69.055305,101.41708,90.790634,13.550989,15.019232,34.206783,,,,,,
Albania,,,,,,,,,1.0760401,5.979599,0.0,0.0,0.0,0.0,0.0,41805.164,,0.0,0.0,2.1943574,9.232728,4.8278084,389.39197,771.41931,612.43555,255.77664,212.04356,5.7655349,5.1298494,2.5715203,2.2595222,1.9486847,22.265881,7.2751322,,0.0,3.4002039,9.5661087,3.0821917,0.0,,,,,,,,
Algeria,647.31952,532.58722,910.18036,679.19727,587.30505,796.17291,802.92688,1045.3771,1437.7916,1042.3026,1030.0996,891.34094,171.03395,104.52379,107.11236,165.05661,69.311516,224.78723,324.60175,113.04254,208.48318,283.83615,714.12054,654.90015,108.81461,81.356041,,85.021523,183.21613,474.4476,100.17971,69.154053,27.947184,0.0,6.224721,3.016974,2.8517637,3.0418251,0.47915667,0.6520775,0.0,1.5800562,,,,,,
Andorra,,,,,,,,,,,,,,,,,,,,,,,,78.125,,31.25,30.76923,74.626869,14.285714,0.0,0.0,0.0,0.0,0.0,0.0,0.0,0.0,0.0,0.0,0.0,,,,,,,,
Angola,786.86115,280.26556,695.10187,1591.4402,2436.4851,2277.4822,3320.9407,2132.396,3137.8625,2274.3657,2207.3562,2151.1924,1426.6093,1191.6563,1824.6482,1675.8265,2388.3823,1464.3512,1293.3374,691.80841,395.92514,44.502068,17.095764,542.31561,166.15067,21.943573,134.96745,532.65027,679.73596,65.703453,1.5371568,13.194906,37.755405,48.290314,12.178868,124.47894,50.922161,59.82906,177.63786,327.83292,434.58395,4.2356153,,,,,,
Antigua and Barbuda,19549.295,41.666668,125.0,54.794521,136.9863,7216.2163,31383.563,3383.5615,0.0,138.88889,14.084507,14.285714,0.0,0.0,0.0,0.0,0.0,0.0,0.0,0.0,0.0,0.0,0.0,0.0,0.0,0.0,0.0,0.0,0.0,0.0,0.0,0.0,0.0,0.0,0.0,0.0,0.0,0.0,0.0,0.0,0.0,0.0,,,,,,
Argentina,928.17316,886.4848,1483.9672,1359.3512,350.13565,360.66461,572.90259,615.98291,152.85921,241.24936,1061.161,304.0574,208.96393,256.14505,149.42131,124.25613,60.097771,1268.0906,610.63733,149.13078,3.8775392,18.716959,1.6657256,3.4883072,282.24161,8.5407114,0.16191272,0.0,0.0,0.0,0.0,0.0,0.0,0.0,0.0,0.07353121,0.41238114,0.072016709,0.047509324,0.0,0.023265554,0.0,,,,,,
Armenia,,,,,,,,,,,,,,,,,248.44545,54.778889,13.360441,100.5055,45.371498,58.128693,639.83588,255.98468,16.725636,13.272903,4.8859935,22.615536,13.183916,1.325381,594.13531,765.17944,46.299427,0.34094784,0.0,0.0,0.69516855,0.0,0.0,3.455425,4.4735031,11.312993,,,,,,
Australia,,,,,,,,,,,,,,,15.005748,10.064317,51.640163,79.898102,81.493767,256.45953,273.72366,66.272057,27.254816,46.188,17.519421,12.457591,5.6645336,7.3174529,1.6431322,4.6199927,3.5091238,0.49409556,,0.52513486,3.0456376,4.7840285,3.164557,8.4519577,8.7196569,6.824759,14.483493,3.1092436,,,,,,
Austria,,,,,,,,,,,,,,,,,,,,7.6026354,,,,0.0,0.0,0.12420817,,0.0,,11.007828,1.8254838,1.0903804,2.7761014,2.4061599,53.729912,5.8542414,6.1831155,8.0378246,4.2263441,,13.552647,35.60318,,,,,,
Azerbaijan,,,,,,,,,,,,,,,,,279.71835,832.01959,71.600639,174.22844,843.05048,60.96463,19.220978,85.54126,361.82727,134.21902,25.852518,70.02562,525.91516,236.57457,97.881409,144.98184,25.724218,0.0,0.56676489,,0.0,0.0,0.0,17.474693,0.0,0.0,,,,,,
Bahamas,2335.1353,74.074074,4834.1968,9294.416,1099.0099,8053.3979,2293.8389,209.30232,227.27272,12746.667,156.52174,110.6383,355.64853,172.83951,88.709679,234.12698,281.25,0.0,0.0,0.0,0.0,0.0,0.0,3.4843206,0.0,0.0,0.0,0.0,0.0,0.0,0.0,0.0,0.0,0.0,0.0,0.0,0.0,0.0,0.0,0.0,0.0,0.0,,,,,,
Bahrain,15373.016,3779.0261,16411.973,4168.3169,5139.3188,5192.4199,5169.4443,879.67914,2971.5027,1106.0605,2786.2407,4558.4727,224.01848,48.997772,10.752688,376.29938,118.95161,13.725491,22.944551,3.7313433,0.0,5.319149,127.80656,6.7226892,6.514658,59.654633,9.0225563,7.1633239,10.884354,15.404365,13.253012,4.4994373,3.1315241,6.7567568,1.7937219,2.5316455,0.0,0.0,0.0,,34.431137,0.0,,,,,,
Bangladesh,,42.492916,550.29523,306.60919,241.14027,402.52661,135.96249,124.71184,210.63402,108.32258,130.61543,125.52575,149.90286,138.6053,113.60238,263.77667,16.056276,85.461754,51.860245,47.873695,82.379372,42.078396,40.64484,83.395905,51.578514,43.91227,38.744194,32.914017,25.504938,29.254993,68.949165,180.81168,42.595345,19.872366,17.875624,4.772191,5.1791334,36.54686,12.753087,1.5040839,1.8129921,1.4888245,,,,,,
Barbados,816.32654,1552.8456,1093.1174,6871.4858,140.0,63.745022,107.14286,162.05533,23.622047,23.529411,19.607843,27.34375,7.7821012,7.7519379,3.8610039,7.7220078,196.15384,7.6628351,0.0,0.0,0.0,0.0,0.0,0.0,0.0,0.0,0.0,0.0,0.0,0.0,0.0,0.0,0.0,0.0,0.0,0.0,0.0,0.0,0.0,0.0,0.0,0.0,,,,,,
Belarus,,,,,,,,,,,,,,,,,21.924244,132.11421,227.39726,379.76669,80.605522,149.47742,39.074093,13.402164,51.529953,15.319916,2.1139522,4.5578852,1.4275517,2.1560576,0.20667562,0.1039285,15.561357,0.10485478,0.0,0.0,0.10556318,5.2803888,1.0557432,1.6879418,6.7474961,0.21083702,,,,,,
Belgium,,,,,,,,,,,,,,,4781.2031,8120.6411,,718.79669,949.09705,728.62933,1117.1721,1045.5527,707.38635,378.42331,0.0,,,8.0434151,,4.2230539,5.8206105,2.4651561,1.4124293,5.9824266,9.0917521,3.0386741,3.6566415,52.301826,9.8339949,3.4971306,6.2394152,4.1637135,,,,,,
Belize,61.068703,3225.564,9933.333,138.68613,1553.9568,1808.5106,4215.2778,1256.7567,39.473682,70.512817,25.0,42.424244,729.41174,1287.3563,413.40781,10.928962,132.97873,36.649216,56.701031,0.0,0.0,19.323671,0.0,0.0,0.0,0.0,0.0,0.0,0.0,0.0,0.0,0.0,0.0,0.0,0.0,0.0,0.0,0.0,0.0,0.0,0.0,0.0,,,,,,
Benin,5134.6094,4053.5989,2842.5457,4515.584,6603.0078,3066.0403,5013.4517,3240.3142,3016.8025,2914.3564,3232.3792,3087.1699,1674.0068,2906.2844,1128.8252,680.70538,,1047.9705,571.83044,742.8468,1322.5411,1772.6041,223.99081,1515.6001,100.15456,386.10443,618.11829,827.89319,217.68335,28.852547,33.80645,26.309196,21.41901,40.331165,106.70346,163.33147,42.613327,45.026955,29.602221,63.67453,76.407112,5.2004538,,,,,,
Bhutan,,,,,1142.8572,2251.8892,4014.6699,2623.8096,4334.1069,3067.8733,2909.6917,1753.7473,1962.7329,1346.0,738.87811,1045.283,322.16016,821.22906,193.60902,965.58319,1321.0831,287.37863,17.34104,319.4707,121.77122,17777.777,729.4939,1281.356,44.554455,0.0,4.6875,16.742769,2.9761906,16.011644,9.9857349,8.4033613,28.846153,13.495276,1.3280213,0.0,0.0,13.977128,,,,,,
Bolivia,1084.8633,447.99362,1255.2734,1565.5331,628.59814,1060.8887,747.94275,1339.986,123.39332,341.27518,208.70995,34.932388,54.591354,152.66821,271.95511,99.509148,119.60326,301.44431,692.23218,466.18091,194.23103,10.043611,0.90708822,0.88934064,125.09344,176.09679,14.628298,0.0,0.0,0.0,0.0,0.0,0.0,0.0,0.0,0.0,0.0,0.0,0.0,0.0,0.0,0.0,,,,,,
Bosnia and Herzegovina,,,,,,,,,,,,,,,,,114.72104,40.94236,33.970276,60.909981,221.57509,32.518211,,1049.307,749.59998,35.381752,11.414919,,7.4152541,4.763165,7.4054484,6.0814385,4.4985447,43.985161,2.1253984,5.8713636,12.090274,2.7107618,6.0307016,,841.27875,474.26471,,,,,,
Botswana,7066.583,10692.494,4073.4265,9682.7354,2675.6465,8875.5186,4086.9131,2078.0347,1405.2045,5872.5313,8035.6211,1416.3163,829.66583,99.683548,546.08295,2814.1792,883.88971,398.72971,388.73627,3563.2107,1596.2166,304.65265,642.14465,3072.0391,419.16168,258.23529,1546.2963,0.56980056,3.9325843,32.705101,0.54674685,2.6939654,3.1847134,0.52246606,0.0,92.929291,423.32507,3.9005363,3.3508856,0.46970409,0.46104196,0.0,,,,,,
Brazil,190.93167,183.65982,668.0791,482.06754,444.24545,553.91534,819.27203,494.07809,310.12943,448.55331,608.9939,560.10645,932.3244,467.59821,181.79608,155.789,411.34366,279.89102,51.331486,38.419682,0.21915406,4.8861041,3.5170059,312.05945,16.342384,5.2558765,0.2053763,0.0056258473,0.0055508991,0.010959985,0.0,0.032099809,0.30156815,0.0,0.0,0.0,0.34553549,0.2164208,0.0099720284,1.0869082,4.289639,1.0390266,,,,,,
Brunei,,,791.66669,,11812.154,1324.4681,2500.0,3875.0,1179.6117,2632.0754,2481.6514,2742.2222,1904.762,264.70587,114.7541,154.7619,46.332047,,186.13139,177.30496,,,,41.666668,37.617554,70.552147,126.12613,32.35294,,67.98867,44.444443,24.657534,,,7.9155674,5.2083335,0.0,10.152285,2.5,,2.4271846,9.5693779,,,,,,
Bulgaria,4751.6958,2307.3931,1923.7433,91.570099,47.915722,28.126059,1212.186,1037.507,31.463442,36.412376,32.556583,108.30083,152.69728,174.10715,45.205326,12.476115,16.627079,231.32201,2334.947,41.277985,14.277287,20.52751,83.815727,2.8007793,9.8304253,2.9750836,5.7514377,1.0087,0.0,0.0,0.0,0.39042166,0.13114753,0.13215277,0.13315579,301.63626,2971.5059,21.343121,0.1367989,1.9267823,0.0,0.0,,,,,,
Burkina Faso,1875.6622,5472.4614,3596.2703,5050.3203,1410.6569,4447.2422,2009.8197,2480.6013,2925.3982,2914.4531,3996.0164,2259.4463,1477.9977,3474.4473,931.30682,871.09558,1112.7001,728.17682,2339.572,1512.2488,297.95255,561.84338,1786.754,134.82092,,488.87708,523.25983,349.43491,141.86935,232.79337,5.9089861,18.849649,9.0389757,0.84198707,26.88904,3574.2686,160.90996,53.475937,444.27011,21.964506,19.50415,5.4662914,,,,,,
Burundi,5533.2964,8430.6729,9898.1279,15376.864,12679.867,10853.975,11957.008,13964.007,9704.8232,11081.592,6253.9927,7813.6963,8184.8408,4670.6094,6476.0513,5305.6816,2452.8162,1876.0375,3947.0059,4136.0249,1224.7957,2479.3694,2664.9561,208.27879,234.2386,466.31628,2868.7705,,150.69713,32.216309,0.27847397,0.0,102.14983,5.415617,21.066732,35.928848,56.461731,14.2636,5.2575107,0.0,0.0,0.88243943,,,,,,
Cambodia,,,,,,,4817.6929,6042.3828,8326.8281,1446.4286,5147.5962,5776.8701,2163.4626,1132.3816,585.01306,1065.2549,275.60458,235.3828,286.73874,126.60513,91.711098,191.28966,256.28415,338.70398,171.83997,1163.4972,1006.9948,303.25754,107.71666,50.80526,26.946337,19.894499,13.952798,28.807487,303.36432,339.17673,80.788315,49.662952,1.0150911,0.0,0.0,0.0,,,,,,
Cameroon,4790.4604,,948.88513,,2934.5068,,,1187.2115,3698.657,6236.5273,3960.1724,4694.3281,3080.2468,1557.0306,2103.6077,2138.0583,1805.3777,1212.3373,2211.4595,853.67194,118.0778,182.97304,852.15753,529.75647,738.84607,731.53369,957.77136,1527.1823,90.021759,54.43866,21.109735,34.728203,10.94972,5.4362597,26.18078,12.916174,12.018027,24.561403,28.887203,35.0942,37.365108,79.220497,,,,,,
Canada,524.78326,567.58508,390.4165,0.0,243.94104,924.45837,565.02423,93.057968,42.490314,36.921375,159.4713,108.83512,570.09308,89.762894,22.599079,407.85333,37.301846,220.28882,96.603722,7.0704608,18.018328,80.497787,11.039093,19.362606,0.39764068,0.95225585,6.7022386,1.0958904,0.19156477,0.47426331,0.21909919,0.18582755,0.39822331,3.0587523,1.8560096,0.41432378,2.8973632,23.249081,0.28652474,2.3542759,11.739924,5.4242001,,,,,,
Cape Verde,,,1605.8394,739.13043,935.48389,1085.1063,4456.4458,513.69861,4316.4985,4570.957,158.57605,9676.1904,,1384.6154,21.212122,2.9850745,0.0,20.0,2.7855153,0.0,79.15567,25.706942,0.0,21039.215,693.04559,2.3474178,4.5977011,0.0,0.0,0.0,0.0,0.0,0.0,0.0,0.0,0.0,0.0,0.0,0.0,0.0,0.0,0.0,,,,,,
Central African Republic,1598.1781,,5816.1978,2076.7773,4070.3052,4102.749,3631.5789,1627.6097,1059.5287,627.35663,2492.2058,928.62567,661.8465,779.67334,674.96442,115.21058,433.67346,1208.6235,976.09821,532.53693,,269.01282,72.176949,55.160648,40.589378,163.1765,854.06128,740.34448,240.02048,163.73682,304.06906,114.09884,0.71394575,11.459308,2.7617953,2.4977293,0.44953921,151.69794,31.403118,132.44444,46.511627,32.99604,,,,,,
Chad,1762.75,548.67908,3595.6377,2891.1614,468.86533,69.215111,,7.8091106,259.38495,1068.5442,1397.0529,1262.7651,667.55676,669.93341,652.75787,1291.4355,1213.0267,3444.2275,2998.1099,3187.0042,1431.778,3135.552,3336.832,1394.1012,1594.4065,854.01642,425.02698,2875.2166,808.37592,1689.4044,1063.2338,0.19866891,152.94569,40.924274,5.6583438,14.344084,16.320351,703.88153,9.4451008,17.207249,93.96418,29.837961,,,,,,
Chile,1636.8949,806.15179,239.76608,98.643875,1407.0991,3099.0359,341.20361,570.59186,812.5,572.30042,399.21576,1403.9077,1014.4542,208.27379,3519.3223,998.61816,147.86285,155.90399,0.073147535,0.072030544,0.0,0.0,0.0,3.9469206,0.40300915,2.0561121,0.0,0.0,0.0,0.06329114,0.0,0.0,0.0,0.0,0.0,0.059421238,0.0,0.34979305,0.0,0.0,0.0,0.50667119,,,,,,
China,3626.0295,2772.2437,2730.9988,2773.491,2461.364,1752.2853,1129.1991,1002.7332,873.43347,753.50201,588.39966,390.48785,182.27025,94.41288,85.618248,73.727036,73.09938,103.79218,116.31855,96.827042,62.005287,42.93111,54.724033,63.238094,41.840179,48.486485,55.402943,68.912682,44.92445,55.023026,53.689972,93.989738,74.933289,81.555145,97.768173,38.800564,28.063143,7.2710385,4.4960766,19.441088,37.858875,30.322205,,,,,,
Colombia,1072.7445,432.44336,919.00641,824.62848,771.48895,669.17462,332.46811,691.14746,319.46118,441.23691,390.41187,179.67238,163.56174,637.91608,448.84158,374.67285,365.31281,297.59143,224.30327,251.55408,14.257007,10.95027,4.2051039,1.7337301,1.5547739,1.1050001,0.024750024,0.073190369,3.3435967,0.0,0.0,0.0,0.0,0.0,0.0,0.0,0.0,0.12929083,0.021330602,0.021122446,0.0,0.020734413,,,,,,
Comoros,7504.0,,1041.3534,1003.6232,0.0,0.0,5847.4028,0.0,0.0,0.0,0.0,0.0,0.0,0.0,0.0,425.0,5650.4854,0.0,0.0,0.0,4.3290043,0.0,0.0,0.0,0.0,0.0,,,0.0,0.0,0.0,1490.196,135.78275,0.0,0.0,1.4858841,0.0,4.2432814,1.3812155,0.0,0.0,0.0,,,,,,
Congo,8023.3311,10447.17,10087.302,9384.1143,9064.5166,15135.982,6463.0435,5101.8472,6627.8833,8283.7236,9001.4502,3571.4285,2936.0146,631.39172,196.45175,209.6842,1478.6885,1611.6427,1669.3831,261.60815,83.027184,850.66095,1353.595,427.75153,57.086613,99.80867,520.1488,648.97467,818.31525,1059.6631,977.53119,39.268425,32.795418,21.12676,0.48602673,0.23507287,0.91178483,69.798363,56.119144,26.099768,14.576062,272.01761,,,,,,
Cook Islands,1238.0952,2900.0,5150.0,7157.8945,1473.6842,444.44446,20166.666,3352.9412,823.52942,235.29411,55.555557,2777.7778,277.77777,888.88892,833.33331,38388.891,2000.0,3210.5264,473.6842,157.89473,0.0,368.42105,0.0,10210.526,500.0,0.0,111.11111,0.0,0.0,894.73682,0.0,0.0,300.0,50.0,0.0,0.0,0.0,0.0,0.0,,,,,,,,,
Costa Rica,250.24438,354.31567,824.73267,930.2536,159.31157,2957.8857,418.58517,69.274651,66.243553,15.057915,4.1353383,0.36630037,1618.7076,1394.1504,121.56197,10.930772,24.547804,1982.3678,724.90021,81.712059,0.0,9.9686699,6.6722269,7.0594625,7.1675072,5.9755783,0.0,0.0,0.0,0.24236549,0.0,0.23540489,,0.0,0.0,0.0,0.0,0.0,0.0,0.0,0.21017234,0.0,,,,,,
Cote d'Ivoire,12621.411,11124.376,1608.9845,1724.7897,1538.3601,1114.1921,920.30383,1706.1404,1725.4534,756.81122,605.12927,869.80341,2244.7271,3100.7261,1476.1904,1576.1466,1450.8478,779.07159,1121.7048,547.97034,,2065.814,1390.9969,625.72833,773.62292,295.95093,343.32114,339.78873,338.68832,269.81165,192.57695,6.2718148,0.58826673,0.26197213,0.61544776,9.1793737,21.616587,30.055037,6.3961902,2.1851952,2.2191646,2.8128786,,,,,,
Croatia,,,,,,,,,,,,,,,,,24.916248,24.579832,33.805199,18.518518,29.62645,150.96384,26.010929,52.956753,144.25645,6.956912,2.0325203,1.814882,1.3648771,4.3290043,12.317518,0.45682961,0.2287806,0.0,11.71875,0.46072334,1.6173753,2.7822862,0.46544102,0.0,,48.630783,,,,,,
Cuba,1489.4257,1121.53,1559.3043,2631.863,1930.9031,768.33386,398.98322,1860.2793,2358.251,329.7883,330.93741,285.03421,325.72778,83.544304,11.657033,1.1442739,1.1340011,1.5941485,1.1180471,0.18528812,0.0,0.091692649,0.0,0.0,0.0,0.0,0.0,0.0,0.0,0.0,0.0,0.0,0.0,0.0,0.0,0.0,0.0,0.0,0.0,,0.0,0.0,,,,,,
Cyprus,338.00623,0.0,28.87538,177.17717,11.887073,5.8823528,0.0,4.3541365,39.017342,263.68875,4.2979941,1.4204545,1.4044944,0.0,0.0,0.0,5.2151237,1.2771392,24.968788,0.0,0.0,0.0,63.001144,1.1223345,1.1001101,0.0,0.0,,0.0,0.0,0.0,0.97276264,0.0,0.0,0.92421442,0.0,16.172506,0.0,0.88105726,78.671326,8.6805553,0.0,,,,,,
Czechia,,,,,,,,,,,,,,,,,234.01993,81.086304,40.181591,1.3514818,0.86864203,0.48271868,0.96609026,1.3540962,1.8405502,0.19404288,0.87463558,0.58416903,0.39016777,2.9299736,1.6601563,0.0,0.67974365,0.19310611,0.19186492,0.47678077,0.0,1.6084776,2.0780201,1.4158958,20.945372,0.84873635,,,,,,
Democratic Republic of Congo,2592.9717,2228.6262,2543.3591,1791.9417,1518.5735,1149.4427,1236.7113,1410.6292,1110.3293,741.31317,390.95499,652.81262,633.18774,471.48746,407.28641,334.02063,131.85036,,1.6869277,70.788483,312.18652,130.85393,223.18861,131.55373,340.55887,264.38486,175.92828,166.79753,611.32513,427.24265,847.26776,3332.9985,1417.0277,951.36774,206.39679,0.91332978,83.799576,2005.6061,1044.2163,1239.2871,457.26572,65.881859,,,,,,
Denmark,10827.415,2798.1433,11367.054,10262.508,3638.5518,12989.451,5513.0757,6956.2925,3056.022,6492.5781,4141.5166,2578.6077,4592.3755,1224.9365,120.65599,78.947365,35.012642,31.4258,24.941996,22.153728,6.908463,3.8218994,22.6451,11.557408,,,2.621232,2.0530047,5.9557042,0.0,0.0,0.36886758,4.9595885,0.36563072,2.5463805,1.0857763,0.90009004,15.045674,0.35644269,3.0152535,4.7669492,1.5820004,,,,,,
Djibouti,1453.6586,2174.1072,3313.2529,3245.4873,2724.0259,3333.3333,,12088.0,80.519478,,3189.6553,253.52113,,106.12245,894.13989,868.79431,176.27118,21.416803,209.7561,59.870552,,12.698413,636.64594,,290.7489,487.14285,254.87465,107.77626,67.024132,48.748352,92.088196,380.58749,61.557789,29.666254,173.75456,57.347672,8.2256165,56.581985,804.76733,31.215162,,50.701187,,,,,,
Dominica,2375.0,13.888889,1671.2329,1164.3835,0.0,2373.3333,0.0,360.0,26.666666,13.333333,2540.5405,864.86487,616.43835,1138.8889,138.88889,126.76057,183.09859,84.507042,0.0,0.0,0.0,0.0,0.0,0.0,0.0,0.0,0.0,0.0,0.0,0.0,0.0,0.0,0.0,0.0,0.0,0.0,0.0,0.0,0.0,0.0,0.0,0.0,,,,,,
Dominican Republic,826.45947,820.19415,1368.1121,1054.5085,1045.4546,1575.7576,1680.1515,573.68774,603.8822,476.26709,697.26068,680.69037,75.599815,73.762009,100.24627,213.68735,483.99222,1025.389,1024.2335,609.24976,0.38694698,0.0,0.0,0.12250398,1.6875603,32.506821,29.545719,12.992986,0.0,0.0,0.0,0.0,0.0,0.0,0.0,0.0,0.0,0.19946146,0.0,0.0,0.0,0.0,,,,,,
Ecuador,574.58075,34.49263,976.31982,330.62109,114.89699,541.10382,341.27383,571.67297,196.23495,297.00211,790.91113,130.77603,90.47773,161.72137,821.85028,365.74121,161.08827,151.51515,406.87466,331.20264,327.617,80.32515,3.5949671,0.0,0.0,0.0,0.0,0.15560569,0.0,0.0,0.0,0.0,0.0,0.0,0.069213733,0.0,0.0,16.933517,4.6692605,0.0,0.0,0.0,,,,,,
Egypt,,89.10891,51.161167,92.136696,26.90156,110.69536,19.025375,39.299377,158.79689,17.081627,100.22713,110.62643,22.787165,34.014248,67.318092,72.43737,15.449732,20.952478,73.339333,46.902538,23.105478,28.769188,67.808357,69.628578,72.2491,22.542149,37.664864,30.185183,8.9957294,2.2167554,1.0612613,1.0028914,12.193093,21.172537,8.2515993,7.3728247,0.19023161,0.30268458,2.7900198,4.5096707,14.311699,57.924034,,,,,,
El Salvador,115.19487,123.1919,1704.4811,1747.5751,366.90811,2304.1545,505.34818,2696.885,775.28564,502.1907,982.71246,286.96182,55.722591,80.134544,153.74097,0.0,0.0,0.0,94.259262,6.9419074,0.0,0.0,0.17630465,0.0,0.0,0.0,0.0,0.33863866,0.0,0.0,0.0,0.0,0.0,0.0,0.0,0.0,0.0,0.0,0.0,0.0,0.0,,,,,,,
Equatorial Guinea,,,,,,,,,,,585.79883,1292.4791,2095.7446,30423.076,37002.488,1405.7971,74.941452,72.562355,652.74725,333.33334,554.41479,87.128716,1.908397,0.0,,,,2092.1875,36.036037,25.899281,52.413792,,0.0,6.031363,502.30414,85.808578,0.0,0.0,1145.332,296.12546,11.514615,1063.8298,,,,,,
Eritrea,,,,,,,,,,,,,,,,,,,,86.156822,175.36467,59.870552,572.20795,245.80829,98.014885,96.910965,232.53758,58.335716,127.24758,100.58855,6.2192278,4.7870998,31.47283,13.243439,0.0,19.025522,11.614666,10.726257,42.534531,9.6753387,26.759377,40.85001,,,,,,
Estonia,,,,,,,,,,,,,,,,,21.086262,83.333336,46.679817,209.67741,157.85861,11.863224,13.399154,12.765958,12.091039,8.5470085,6.4331665,0.0,0.0,0.0,0.0,1.4749262,20.014826,0.74404764,0.0,0.0,0.0,5.2710843,3.018868,1.5128593,0.0,3.0418251,,,,,,
Eswatini,,,4622.8892,,,,,4173.9131,14374.021,4965.0454,7050.0,4614.1846,3069.4822,5555.4106,1976.25,1753.9016,1701.5099,1655.7562,2253.863,7735.9307,647.55841,177.93965,2241.3442,606.57373,175.4386,0.0,9.4250708,45.666355,34.227566,321.98712,0.0,0.0,0.0,0.0,0.86281276,22.015242,260.18286,0.0,0.0,0.0,0.0,0.0,,,,,,
Ethiopia,119.96107,158.35048,78.016113,93.15329,328.98907,607.97919,303.13342,270.87485,283.46393,153.21527,249.07007,1630.9803,89.26664,111.09834,168.58809,89.735039,38.180798,9.9757128,93.227234,21.519436,20.439827,9.8063164,26.810921,18.253082,25.527916,82.441216,24.948524,34.544182,47.264423,3.1428769,0.97823757,4.6528602,18.401796,17.851852,42.20713,13.767912,48.287971,36.147789,47.023064,55.360004,130.83488,177.67564,,,,,,
Fiji,3382.3008,1778.163,360.54422,3986.6221,724.13794,2606.1094,1437.7953,1540.7067,1350.2994,456.9343,1181.4286,213.48314,535.46594,1488.9197,843.70679,73.103447,43.895748,,1300.6711,562.91388,50.913837,534.19354,49.7449,1044.1362,,,,20.884521,372.54901,373.31702,45.232273,,164.44981,0.0,0.0,1.1737089,0.0,,0.0,,,,,,,,,
Finland,2416.0459,717.10107,1839.0367,597.64063,488.6507,502.20081,448.41269,792.72351,1117.2699,977.16986,149.14075,125.02545,150.30426,128.38658,26.002823,207.35382,0.60048038,1.593943,0.99108028,0.0,0.19619384,1.1721039,0.0,0.0,0.19364834,,,0.1923077,0.0,0.0,0.0,0.19015022,0.0,0.0,0.93984962,0.37432155,0.9317928,5.0102057,,0.36784992,,0.36483034,,,,,,
France,99.437752,34.200447,48.915489,39.352718,37.73093,29.755716,23.006788,20.847914,14.885972,15.870699,17.748579,7.2025561,16.713343,,,,,2740.2949,1905.282,1337.4664,758.82465,931.26953,1128.2051,1361.4009,,,167.76271,,86.093819,,73.05336,0.58790869,0.64942443,0.62942821,9.6903582,24.582058,80.092659,235.9971,,4.2553191,4.1594615,2.4357324,,,,,,
Gabon,3524.3328,16872.309,4462.3496,9027.9824,6638.8491,4455.0562,2251.0288,3082.8877,2277.7053,5494.2822,8952.9707,6291.5664,8002.3447,2364.8804,726.97003,1920.1726,775.21008,,1238.806,928.29456,,,62.836624,,,,12.185215,4064.1838,85.007729,,46.187683,0.0,62.283737,0.0,1.953125,0.0,0.60975611,1.1785504,1.1383039,67.143646,17.590618,13.989637,,,,,,
Gambia,1893.2806,4952.0151,1572.7612,3461.9565,2913.7324,4461.5386,470.19867,419.20001,2416.6667,2038.6329,,2224.0437,5211.2124,,,,,172.81349,371.42856,904.7619,270.00964,121.95122,13.673656,1329.7872,,716.31799,272.72726,77.952759,24.408848,87.887741,0.0,0.0,0.0,0.0,0.0,0.0,1.1820331,0.0,0.0,0.0,0.52137643,35.894844,,,,,,
Georgia,,,,,,,,,,,,,,,,,,65.537148,21.706305,78.578293,141.54268,36.055779,61.46381,70.067612,45.181347,30.169704,10.588734,7.4914384,43.027027,47.171871,1510.4788,302.20636,75.242172,10.020496,12.900253,5.3638058,5.1984878,15.344042,7.5462513,1945.6254,798.59717,109.05871,,,,,,
Germany,5.0686164,18.930845,46.881741,13.55747,11.973686,27.123829,367.10898,67.711136,26.031176,125.95449,151.33069,7.3085685,2.556592,2.4214005,0.21696404,0.57167542,,,,,,,,,,,,73.881477,57.062687,9.5365181,1.4807382,9.5260248,28.292862,6.9703975,11.302708,7.0893955,9.6421289,19.855684,2.0477142,21.7929,5.4362497,30.156166,,,,,,
Ghana,9508.0176,14324.179,13110.347,10641.806,10370.968,8417.0225,7654.5083,3460.6943,6932.103,3073.6443,3263.6667,5073.6865,846.99329,1838.2168,2920.1675,1404.8756,2204.4026,1139.2952,2582.3203,2179.2275,2132.333,2403.1025,1994.2395,2116.0203,1293.8013,865.19104,1218.0157,693.85236,616.76288,94.830536,2.8589127,20.193111,18.993353,0.26431718,3.5194643,4.2252345,26.150457,4.7766895,62.682159,12.1081,4.5988946,0.83384693,,,,,,
Greece,600.96478,991.23199,879.6712,1698.2172,230.94122,821.46606,1397.4053,142.78372,348.53122,2404.2769,120.94336,148.77193,104.75906,187.8228,504.15182,52.486732,23.904772,132.56624,329.92059,47.592014,15.255031,10.380943,558.95599,12.407627,5.9836807,6.2218213,5.0260277,1.0729613,0.44575199,,0.088731147,10.795505,,0.17573148,0.087565675,0.17476407,13.017648,3.5017071,0.26366672,0.26499426,0.088770531,0.089142449,,,,,,
Grenada,849.46234,21.73913,1219.7803,17133.334,2213.4832,33.707867,595.50562,98.9011,18419.355,2791.6667,112.2449,70.0,200.0,60.60606,40.816326,20.618557,62.5,20.833334,0.0,0.0,0.0,30.0,0.0,0.0,0.0,0.0,0.0,0.0,0.0,0.0,0.0,0.0,0.0,0.0,0.0,0.0,0.0,0.0,0.0,0.0,0.0,0.0,,,,,,
Guatemala,147.71095,467.3609,574.48096,396.39374,314.1044,471.5733,371.13828,465.04153,521.4892,351.98166,381.94702,275.72815,195.5208,46.301655,20.581251,266.62982,950.12952,22.039438,9.9907303,1.7104336,20.055054,2.2098386,0.093923174,0.73475385,0.089814983,0.0,0.0,0.0,0.0,0.0,0.0,0.0,0.0,0.0,0.0,0.0,0.0,0.0,0.0,0.0,0.0,0.0,,,,,,
Guinea,2714.6802,1726.4604,1335.4633,1829.2406,918.57043,1399.1475,1895.39,2483.0066,3205.7131,1841.1642,889.33844,583.87415,495.60229,1367.218,603.60034,719.45935,2111.571,1052.4004,239.23657,729.86182,314.42206,137.84779,1265.4617,1219.7169,1078.4429,2080.4253,1282.0979,825.77191,235.41644,268.20624,1.0537407,10.227273,0.40481731,0.29711795,8.6215248,25.007105,4.168983,0.99682826,0.53186774,4.5939155,14.822971,20.095932,,,,,,
Guinea-Bissau,355.0065,,426.02042,265.56543,445.43146,4391.4141,1662.9214,2571.7791,1936.3745,3768.1499,404.78906,1475.5555,2430.5857,184.32204,1141.8219,107.17897,255.92885,2310.511,792.09784,1567.4932,339.31778,464.37994,62.985332,422.03391,,386.56839,,99.369087,230.29367,876.60864,2611.8518,0.0,0.0,0.69156295,8.1026335,0.0,16.709511,0.0,0.0,0.0,0.57937425,86.391869,,,,,,
Guyana,425.47424,77.747986,433.68701,314.96063,14.285714,1172.6804,594.87177,8.9514065,52.496799,25.673941,379.35483,112.98701,19.633509,29.023746,1221.0386,14.745308,1.3458951,16.129032,0.0,0.0,0.0,0.0,0.0,0.0,0.0,0.0,0.0,0.0,0.0,0.0,0.0,0.0,0.0,0.0,0.0,0.0,0.0,0.0,0.0,0.0,0.0,0.0,,,,,,
Haiti,165.80824,139.68872,253.91371,181.61394,51.366722,205.35393,89.119354,429.97079,178.67339,142.52911,269.39102,330.67044,41.207108,469.19504,34.492882,83.381256,199.15492,,,,,,0.12553352,0.0,0.36328408,0.0,116.03696,18.290579,0.0,0.0,0.0,0.0,0.0,0.0,0.0,0.0,0.0,0.0,0.0,0.0,0.0,0.0,,,,,,
Honduras,766.9173,982.55627,1293.7557,756.93408,1509.2539,1372.3016,1138.6624,1544.1603,625.41547,289.75439,1210.1083,1512.7307,136.7347,316.38046,247.00598,1319.6925,1687.1847,18.627451,11.051829,2.4078534,0.54024851,0.0,0.68166327,0.8293249,0.0,0.0,0.0,0.0,0.0,0.0,0.0,0.0,0.0,0.0,0.0,0.0,0.0,0.0,0.0,0.0,0.0,0.0,,,,,,
Hungary,4461.7144,60.60606,22.972206,12.221491,31.232468,20.119225,111.39005,983.80945,235.25569,11.621368,9.2304792,1.8926848,1.6159695,2.8639617,105.70197,,2.7943728,1.5438055,1.3514818,3.1853282,1.0619811,0.38647342,1.1613278,2.3280628,2.237354,0.097560972,0.097837783,1.9619384,0.0,0.0,0.0,0.19829467,0.099443115,0.0,0.0,0.10041169,0.0,0.50515258,0.20263425,0.10160536,0.0,0.0,,,,,,
Iceland,171.2963,50.458717,163.63637,13486.486,1071.4286,141.59293,57.017544,103.8961,60.085838,165.25424,677.82428,1545.4546,540.98358,56.680161,44.0,91.269844,54.901962,38.759689,30.76923,30.418251,26.415094,7.4626865,3.7037036,3.6630037,,,0.0,0.0,,0.0,0.0,0.0,0.0,0.0,0.0,0.0,0.0,0.0,0.0,0.0,0.0,0.0,,,,,,
India,197.20616,214.96953,247.01779,205.46823,182.28796,210.50761,163.66048,283.33881,200.30472,173.55803,249.76414,206.2464,194.04366,309.67453,193.38661,194.50526,102.98656,87.673622,79.245407,54.532291,53.61684,39.03661,48.086971,61.162716,33.455582,20.311462,36.878555,48.325771,36.744122,42.550369,49.232952,32.086697,55.237705,34.877224,36.969563,46.273071,25.555227,26.966829,14.779908,10.810582,19.304268,19.470549,,,,,,
Indonesia,1.1924843,1.5681895,0.72382116,86.504715,4.6493111,6.2684827,196.18279,219.27553,162.78979,29.548733,117.27822,57.317043,6.7457633,2.3001356,436.83179,1288.5717,507.64178,489.43753,429.15118,333.98471,248.25079,191.37582,176.99022,75.498207,5.0263472,22.850925,15.807885,17.831587,66.627434,110.89347,130.45189,69.925415,88.853889,83.506088,65.079033,86.980865,77.802612,89.1017,62.234062,33.404488,50.730801,58.48653,,,,,,
Iran,585.88684,1027.7719,479.45935,579.93164,1490.4233,540.01019,805.05847,891.59082,1139.3406,999.49591,723.67236,434.74219,302.57629,378.59641,217.78204,107.61816,94.991638,105.16592,86.3013,78.249222,8.4721642,4.3416533,37.818878,62.205994,44.897575,63.584526,179.54999,142.8103,140.53514,169.21222,0.043092921,0.099400759,3.0886729,1.8464272,1.7434039,3.5555315,7.214891,0.96698987,4.3424807,2.4407568,1.262578,7.749496,,,,,,
Iraq,5780.6753,4782.9697,3139.2112,6125.4312,4093.1643,5524.438,1944.0416,4577.0625,2186.1753,2556.5222,2508.7466,1424.3708,635.16565,489.74832,557.53064,681.74884,174.30878,633.00452,1089.2838,859.4046,543.80774,378.56296,12.280534,32.916454,1970.9329,433.60434,30.808403,168.56342,,,345.06213,33.619667,17.11315,8.1014442,188.72591,1014.484,15.993238,0.47278345,0.45763797,19.744415,37.622124,39.677704,,,,,,
Ireland,651.54901,928.70605,509.88263,456.09238,474.12503,491.74527,321.97961,309.53067,541.22681,1749.7169,1611.7681,2777.8401,126.29516,56.270996,262.25833,349.87384,155.78593,37.751678,49.874619,1200.2218,339.95038,64.348305,61.95652,49.838364,54.385498,38.724972,,61.652596,61.116699,144.19753,80.891258,22.549252,20.218452,14.552069,12.694878,35.901928,95.742378,61.11945,22.873022,10.892781,7.0422535,0.85106385,,,,,,
Israel,268.82715,1436.9194,21.295216,25.327263,111.29661,150.64015,57.409882,59.764088,2025.2382,32.658226,34.113544,735.97845,470.2338,103.88995,45.200375,6.6149635,51.111111,213.43959,13.724267,28.267843,301.00659,4.1244845,3.4620991,2.1306818,1.3876843,2.3761032,5.9860325,3.0995107,0.32056418,19.527559,17.931675,0.30289263,1.3323464,77.856422,131.18219,0.68794715,3.0972259,9.2482491,27.406157,6.3930445,0.75557232,9.919405,,,,,,
Italy,449.1658,940.39508,998.00372,764.20447,1201.634,413.71097,486.57367,1259.1512,324.82324,463.95959,1354.9651,1316.2141,373.38333,361.31305,1614.416,511.51227,91.427872,410.44214,1136.8096,295.14041,107.56144,648.51978,569.5614,721.41296,71.246109,50.856941,25.430237,,162.36462,188.86615,10.240191,2.2956061,7.4306026,5.4118757,27.175556,5.8851147,6.2280259,86.830658,6.2945728,,,2.6720893,,,,,,
Jamaica,297.79779,347.63315,586.86133,23.546371,401.23456,38.443508,16.643551,2395.8145,1259.5078,511.87335,102.20875,28.64472,12.7011,15.552753,12.531328,2377.907,1506.1881,126.02291,0.0,0.0,0.0,5.9124951,1.5612803,0.0,0.76599002,0.0,0.0,0.0,0.0,0.0,0.0,0.0,0.0,0.0,0.71684587,0.0,0.0,0.3534818,0.0,0.0,0.0,0.0,,,,,,
Japan,216.17581,135.35486,278.36221,157.18527,296.70377,161.41618,112.1899,180.81908,56.146336,60.454342,101.22112,23.052816,51.607903,47.707645,25.154739,14.129234,26.173344,43.636948,,15.924529,,,12.948664,,7078.7402,,176.40002,176.56822,264.3566,64.700005,68.26088,,4.0488038,,85.685837,5.7635317,3.5005291,3.3773005,1.7753414,1.7846984,3.6047845,0.27349091,,,,,,
Jordan,581.04736,540.95978,390.09433,537.68384,280.53693,526.95654,232.51895,477.04184,622.65625,68.616425,932.37408,193.02486,98.638329,525.89514,1478.6351,411.48749,81.437798,38.102852,269.90927,712.58057,117.37943,69.538597,94.995758,1454.0563,86.850647,22.931206,6.2708211,11.746582,3.5937204,14.081898,3.7933526,4.9002452,0.16852039,6.620378,0.30816641,0.0,0.0,0.0,0.37532842,14.263639,2.2704053,0.0,,,,,,
Kazakhstan,,,,,,,,,,,,,,,,,16.505442,86.154778,39.257328,201.40501,110.25467,17.711256,7.774477,7.7011938,126.05863,91.718315,16.271502,6.25,1.1915795,1.5756303,143.2471,1037.1276,6.9466572,0.82065529,1.2499219,0.0,0.24391732,7.6290021,3.2503989,4.2424593,18.355444,29.633802,,,,,,
Kenya,2991.614,2511.1589,2475.459,3356.1399,2756.2156,4264.3174,1750.1383,15254.94,15420.411,15663.194,10568.328,5673.6045,1285.5881,2360.8125,3209.7297,3831.8826,3293.2529,2478.7842,2603.9097,37.31459,157.45065,121.48029,126.90067,115.32085,311.11856,281.07843,667.79016,349.74167,23.062565,1.9044271,0.5702067,4.2443409,49.848862,39.804653,32.74752,30.270647,2.2974608,56.370182,,4.2385168,7.6916389,2.011178,,,,,,
Kiribati,170592.59,0.0,53.57143,1368.421,46258.621,0.0,2881.356,1166.6666,180.32787,0.0,22492.064,31484.375,30.30303,328.35822,3826.0869,22704.225,416.66666,108.10811,58093.332,1500.0,3792.2078,51.282051,164.55696,312.5,4329.2681,24.096386,0.0,0.0,0.0,,0.0,0.0,,0.0,0.0,0.0,0.0,0.0,0.0,0.0,0.0,,,,,,,
Kuwait,2974.0933,1933.6586,832.87421,1868.6257,1270.3583,1604.6154,1007.2886,1798.3368,387.82263,1005.6926,367.14975,1185.1639,129.08496,220.27792,34.330555,33.857891,33.809525,81.04126,199.79134,146.31401,259.61539,7.4487896,9.1911764,15.16035,49.019608,6.6428208,2.9254022,,,,10.416667,4.3917437,,,,,4.3362241,10.028204,7.9505301,17.231796,14.54257,4.5731707,,,,,,
Kyrgyzstan,,,,,,,,,,,,,,,,,133.54677,186.42534,182.98158,853.03302,37.176365,3.7231712,15.986175,212.0697,500.73114,98.333679,3.2513716,3.4253476,0.40072131,1.1971269,1.5879318,10.44335,5.2662377,7.707129,3.040669,0.18723086,0.0,40.312328,0.0,0.17593244,55.064934,3031.3726,,,,,,
Laos,7.3553996,55.373524,53.565666,48.788265,65.635849,,423.57275,,112.61394,308.30945,257.6687,404.55533,360.30576,660.69141,557.96021,674.96375,509.15924,319.6347,115.50422,234.26346,207.59494,654.16321,184.99092,132.68736,895.55426,439.22916,62.300621,17.359188,376.56903,324.37277,263.19507,51.268684,9.9162254,282.01682,28.750826,12.678803,24.495678,17.843044,4.9883084,10.931486,51.551094,8.4033613,,,,,,
Latvia,,,,,,,,,,,,,,,,,7.8828831,2.2650056,94.656487,20.905924,3.9308176,0.79744816,1.2101654,1.6306564,1.23406,0.0,0.0,0.42390844,,,0.0,0.88809949,3.1460674,0.0,1.3812155,0.0,0.0,0.47801146,1.4520813,0.0,17.857143,0.0,,,,,,
Lebanon,,,,,,,,1.146789,,100.33949,,,,,,,,,4.6066618,136.50465,17.142857,0.98911971,0.65125364,43.323635,310.21194,2.5340514,1.545595,2.3809524,10.218564,142.12375,55.138493,155.00377,235.64211,91.287323,5.8379955,5.2593832,2.7668896,1.961639,1.8307567,333.77557,19.989292,6.6655273,,,,,,
Lesotho,5251.7793,5044.3091,3127.9661,8616.0195,5195.4946,6854.3462,6057.252,5672.6191,5040.668,3715.6028,4036.7544,5001.3589,2917.3333,1605.2458,1159.3549,874.36548,1368.4539,1437.9205,1089.3821,138.23529,330.83142,172.62918,,0.0,,509.9946,353.13,115.05833,0.0,0.52137643,16.028955,,0.50864702,1.0090817,0.0,0.0,1219.0103,83.333336,85.645935,243.74115,0.0,0.0,,,,,,
Liberia,374.92084,363.69232,1322.9666,2086.0466,2092.0383,1775.041,3478.2839,3990.8022,3382.3818,2299.0964,2849.0042,1224.8062,379.65485,994.06665,1180.6005,875.2345,,,2855.1655,3199.0,283.65622,27.013988,884.52759,1255.7252,562.9165,613.89398,2071.7505,461.0498,42.768528,45.571243,1.2594458,2.4532351,5.9241705,0.284657,0.27300027,1.5739769,557.2442,68.550369,10.282162,0.0,7.7431111,235.55556,,,,,,
Libya,288.52975,590.1701,676.22504,863.224,523.66565,929.60931,480.58405,468.93668,266.66666,275.51868,674.13928,1082.3439,213.01627,97.56691,74.881516,47.817047,209.82646,373.01938,793.59277,154.15352,232.13182,,,5.0811024,9.6227865,,,116.33891,703.69031,,485.71429,50.405663,0.1700391,9.8827467,1.3216587,53.749386,,,51.629559,,59.961315,,,,,,,
Lithuania,,,,,,,,,,,,,,,,,,38.680012,54.229935,67.828926,78.37764,51.833469,9.7114315,8.3798885,5.0632911,6.517427,5.4254713,2.0149684,29.898403,0.29291153,0.2957705,0.29904306,0.30266345,0.0,0.31104198,0.0,0.64020485,2.2727273,0.0,11.678345,3.713707,17.053205,,,,,,
Luxembourg,487.17947,813.55933,114.84594,1181.0585,728.53186,333.33334,173.07692,586.30139,665.75342,57.534248,95.628418,168.93733,73.170731,412.39893,48.128342,31.746031,41.884815,2.5906737,122.76215,10.075566,2.4875622,2.4509804,60.386475,2.3809524,,,0.0,,,2.2371364,0.0,,17.167381,0.0,2.0618556,0.0,0.0,11.538462,3.7593985,0.0,,0.0,,,,,,
Madagascar,,,5197.2212,16350.463,11360.753,17342.031,13729.379,15678.631,9150.3145,10724.432,6839.1782,6944.6489,2081.3369,1018.1255,1558.5281,2631.4668,1246.573,487.64966,150.06911,478.10651,1083.9519,870.57513,428.75638,966.33679,1047.3361,2302.9509,2236.0627,575.42584,643.901,3601.6553,1997.3038,,0.10593221,0.0,0.15003,0.0,0.047276855,0.0,0.089497469,0.26131266,0.12717253,0.12379302,,,,,,
Malawi,,,36663.613,35714.285,42450.664,32683.596,26397.209,13370.733,16181.523,22556.373,11712.007,17553.877,13859.935,14046.921,9389.834,10236.394,,594.33667,3306.9888,370.43869,220.88394,425.67365,902.07715,1044.5964,335.45071,13.763129,26.722925,12.824898,7.6577325,13.536516,88.04039,14.11043,0.074465707,10.331623,1.4014435,1.4271152,7826.9927,1.6636806,0.68335712,0.060324546,0.17575721,0.0,,,,,,
Malaysia,673.06885,113.22151,383.83191,545.07074,551.16968,471.91678,632.48297,402.57535,640.45331,628.44995,536.2691,330.98276,292.86383,328.53253,135.30655,58.565239,31.211885,14.841599,19.092199,27.802,17.311253,31.908665,21.880796,29.07489,21.842356,113.70056,266.84207,92.746529,16.860201,25.598444,227.57607,54.83456,21.572828,14.797566,12.319722,5.5424743,2.5967557,54.793087,64.038399,6.5641093,7.3111024,42.899456,,,,,,
Maldives,,,,,,9960.7842,,9018.293,0.0,0.0,0.0,10678.947,0.0,0.0,0.0,0.0,0.0,0.0,0.0,252.06612,2846.7742,12086.614,0.0,,0.0,,71.428574,0.0,3149.6599,248.34438,119.35484,4373.0405,143.73088,59.523811,0.0,16.901409,0.0,0.0,0.0,0.0,0.0,0.0,,,,,,
Mali,6356.1558,5319.5,6013.7939,3817.6401,2642.2192,1837.2861,1411.4246,1162.9803,2224.1472,1161.0552,584.09149,3796.2207,586.92645,539.41498,547.36584,433.81467,163.96928,1557.0322,882.94995,1163.6464,365.65808,344.23157,1115.4509,349.12003,986.41748,234.99625,143.87309,395.28912,61.60323,19.325281,13.879923,2.5783265,9.6771755,0.14624159,6.9316735,201.2049,114.02985,1.5443022,21.303181,13.411821,17.096033,12.308221,,,,,,
Malta,2434.7827,71.207428,117.28395,1447.8528,10207.317,90.634438,42.042042,360.11905,4513.2744,1807.5802,167.63005,501.43268,5238.6362,129.57747,47.486034,47.091412,16.483517,21.73913,115.90296,8.02139,21.22016,71.052635,41.666668,12.919897,7.6726341,2.5380712,5.0377831,5.0125313,17.45636,9.9255581,9.876543,14.742015,2.4449878,4.8780489,2.4271846,2.4154589,0.0,7.1770334,,,0.0,4.6728973,,,,,,
Marshall Islands,0.0,0.0,0.0,0.0,0.0,0.0,0.0,0.0,0.0,0.0,0.0,105.26316,25.0,0.0,,282.6087,297.87234,395.83334,204.08163,180.0,0.0,,0.0,0.0,0.0,0.0,0.0,0.0,0.0,21673.076,0.0,0.0,0.0,0.0,,0.0,0.0,0.0,0.0,,,,,,,,,
Mauritania,7715.7241,7148.9844,7582.6025,4762.6157,4669.1987,6292.4214,7458.2788,5483.2173,4149.5386,9395.9326,6509.5874,8544.0674,2921.978,1241.582,225.68903,2546.5586,679.31036,2206.7146,2330.6865,2615.4546,1180.0088,83.798882,,201.86084,511.18085,2001.9019,,500.89572,307.34424,1221.17,1655.9316,40.562122,6.8301768,3.3202536,1.1737089,91.842552,357.89474,62.937061,9.138381,15.712113,3.4448819,0.23912004,,,,,,
Mauritius,,,,,,,36.231884,0.0,4.0444894,0.0,5.9523811,1.968504,4.8875856,0.0,1.9286404,0.0,0.94696969,0.0,6.4635272,80.072792,8.9766607,5.3144374,0.0,0.0,,0.0,0.0,0.0,,642.67987,23.026316,5.7283144,2.4429967,10.534846,9.6852303,12.057878,9.6153851,1.598721,0.0,0.0,0.0,,,,,,,
Mexico,39.348091,25.134708,378.80045,373.5275,46.608822,157.89397,428.62704,156.86275,87.654778,45.39267,68.064552,307.98465,124.4584,34.483189,47.695045,243.50641,805.80615,58.308067,6.00036,1.8984548,1.3860464,2.594475,0.020901481,0.0,0.0,0.0,0.29492724,0.02910728,0.0,0.41650891,0.59815317,0.055313814,0.20891617,0.0,0.0,0.0,0.0,0.025191031,0.0,0.0,0.024150312,0.0,,,,,,
Moldova,,,,,,,,,,,,,,,,,742.89642,141.97531,73.599998,198.16934,906.81659,270.56924,79.721901,84.947495,158.24124,58.001892,163.53249,109.17344,1180.0336,20.853308,0.96015364,1.4430014,8.2026539,2.4218938,0.0,0.0,0.0,0.0,2.7000492,6.6306481,0.49140048,0.0,,,,,,
Monaco,,,,,,,,444.44446,0.0,0.0,0.0,0.0,0.0,0.0,0.0,0.0,0.0,,5333.3335,,,,,,0.0,,,,,0.0,,,,,,,,,131.57895,,,,,,,,,
Mongolia,,,11049.967,1949.4238,86.034912,215.67436,3158.5798,401.03867,117.54781,1061.4371,15894.174,273.15295,67.307693,185.93211,1456.4594,1016.3475,135.53113,295.76196,476.38147,31.374283,77.631577,241.51436,55.243851,1.7123288,3.3955858,4.2087541,385.89905,4411.9834,493.04419,7.290401,0.0,0.0,10.164191,4.6296296,11.796042,2.9985008,2.5801694,0.0,0.0,0.0,0.0,6838.7637,,,,,,
Montenegro,,,,,,,,,,,,,,,,,,,,,,,,,,,,,,,,,0.0,0.0,0.0,0.0,8.0128202,8.0,0.0,0.0,,,,,,,,
Morocco,7083.0796,8087.396,4777.9365,8402.5322,4931.0347,5806.9897,4341.6084,5337.6563,2529.3809,3753.356,521.09991,187.07014,665.95728,1132.9049,96.23571,69.161789,63.386791,83.869438,232.94948,321.34009,131.69835,87.903969,48.213829,90.275284,279.07721,380.60669,255.38995,93.345215,203.30713,363.25558,212.03485,,39.424667,71.991287,46.048676,26.070646,19.53101,29.885267,20.039598,2.7198818,0.29139227,0.48846364,,,,,,
Mozambique,44.164352,1006.7672,819.242,934.44269,662.96228,1169.9697,2537.9812,1348.2239,959.70667,927.00269,973.08234,1271.334,1235.9214,979.11066,933.78448,1748.2389,1364.8853,372.20422,219.74274,396.18774,632.05627,264.35687,569.36237,917.54987,915.73785,223.82712,408.18021,381.13937,373.82446,1465.6388,462.56091,602.11249,8.493062,12.033531,0.17507769,2.5505867,95.825935,7.0973172,5.6470771,0.30264053,0.33073643,2.8203206,,,,,,
Myanmar,80.956322,145.54875,252.20192,198.75418,184.08006,524.00812,643.00269,785.64105,718.88422,529.97369,454.63269,440.22351,100.90366,143.2524,109.82674,97.038612,194.45676,107.72032,43.010239,63.539444,43.430416,27.05953,38.453632,23.325521,32.584518,17.369726,18.331707,54.023335,15.613068,17.427822,27.64488,6.4764967,15.559104,22.126413,6.7299919,6.6062932,3.7881808,40.472374,42.657932,19.631472,2.3495879,0.11449508,,,,,,
Namibia,,,,,,,,,,,,,,13542.536,3439.7544,,,,4540.2905,851.28204,82.762909,1041.0876,2872.8018,3046.6174,273.32965,159.31108,246.97209,215.09824,651.37616,131.85707,1.9910403,1.968504,1.459144,10.096154,0.0,1907.3468,1444.0865,35.649818,37.985867,443.67715,201.18094,87.386642,,,,,,
Nauru,,,,11428.571,4714.2856,0.0,1428.5714,0.0,125.0,,,,125.0,0.0,,0.0,33333.332,,,,,0.0,,5800.0,,100.0,0.0,0.0,0.0,,0.0,0.0,0.0,0.0,0.0,0.0,,0.0,1100.0,,,,,,,,,
Nepal,,,16.518612,22.045095,59.967697,70.364525,37.645954,16.65683,81.245598,69.926132,124.91589,56.924179,3.9763756,10.868943,10.797807,9.3473272,9.7071848,4.8324242,6.8777184,2.9034004,67.139503,224.80838,329.31561,566.19025,252.49388,,395.81314,449.01083,274.72931,534.80823,477.06351,195.90483,109.40211,53.97673,78.901649,7.0677986,7.0310478,86.324883,121.59132,66.499908,45.157646,55.799831,,,,,,
Netherlands,,,182.12137,130.4254,9.51087,3.9803824,12.581284,5.4133859,6.6456804,33.414551,5.6794572,1.6535759,6.1660728,15.460056,102.81576,8.3394985,1.0691614,3.9163625,31.122248,30.652346,19.649944,11.895526,3.662533,1.3414245,0.57157373,149.53271,63.983425,,0.18621974,0.24689834,0.6753853,0.24439421,0.060827252,0.60580361,6.5785503,0.90214711,0.89911884,3.0471411,0.59562808,156.29454,8.2894192,,,,,,,
New Zealand,,,0.0,0.0,,,,,,,,,,,,0.0,,2681.0796,,19.36027,9.1084738,,,543.97656,43.340382,27.763227,16.843742,16.632549,5.299016,16.409746,8.0882349,4.8367596,4.7778311,5.9059768,,45.801525,9.839817,135.12901,15.219337,1.770695,61.309395,2.1668472,,,,,,
Nicaragua,310.10324,691.45514,474.34119,302.95898,52.528549,402.28064,1164.3077,67.005684,65.774155,31.746031,42.276871,257.7514,671.58282,203.966,79.133064,0.0,0.0,0.0,538.44379,76.575562,0.66356999,1.0841284,0.0,0.0,0.0,0.0,0.0,0.0,0.0,0.0,0.0,0.0,0.0,0.0,0.0,0.0,0.0,0.0,0.0,0.0,0.0,0.0,,,,,,
Niger,6476.0962,3282.1602,4409.1846,3309.9617,6245.9307,7611.9609,6146.4351,5862.9136,6276.0088,4638.2847,6279.6133,9353.5283,2476.6052,1951.1196,2236.6047,2951.7312,2553.7251,10887.345,3666.0427,4134.4717,5319.6021,7173.7891,7018.4316,3207.1709,1080.2311,3302.521,1877.8296,5199.4565,2587.5798,4281.4253,4803.6108,160.30254,4.174922,19.225525,86.479744,50.651321,22.647022,45.180195,15.339499,66.427872,59.640694,386.6412,,,,,,
Nigeria,1874.923,2129.8325,2354.2759,4208.7749,2723.5691,2471.8523,2206.6948,1717.8835,1804.306,1721.3008,2240.4353,1934.723,1348.6874,880.41132,839.22607,362.73749,1214.2543,450.50449,857.74579,532.62878,1006.8814,114.73831,800.80011,188.37593,1229.5121,1819.7977,1734.2013,1339.8931,326.47842,1070.3553,232.80943,798.38635,4.9364018,17.846289,66.24675,8.2382355,53.544628,115.68852,38.536255,307.58487,38.847111,68.566414,,,,,,
Niue,,1000.0,0.0,250.0,0.0,500.0,7333.3335,666.66669,0.0,0.0,0.0,7000.0,2333.3333,0.0,500.0,500.0,,60500.0,0.0,0.0,1000.0,0.0,0.0,0.0,0.0,0.0,0.0,0.0,0.0,0.0,0.0,0.0,,0.0,0.0,0.0,0.0,0.0,0.0,0.0,,,,,,,,
North Korea,0.0,0.0,0.0,0.0,0.0,0.0,0.0,0.0,0.0,0.0,0.0,0.0,0.0,0.0,0.0,0.0,0.0,0.0,0.0,0.0,0.0,0.0,0.0,0.0,0.0,0.0,,0.0,0.0,0.0,0.0,0.0,0.0,146.67603,0.32874462,0.0,0.0,0.0,0.0,0.0,0.11944577,0.0,,,,,,
North Macedonia,,,,,,,,,,,,,,,,,,90.817863,90.497734,1257.5604,115.53986,109.43015,530.92004,182.0,,26.18577,17.690418,13.215859,9.2728157,8.7676573,4.3753037,2.4271846,1.4541929,0.48426151,13.062409,2.4166265,104.7803,338.32047,3.3751206,1.9267823,55.849785,0.48100048,,,,,,
Norway,3906.1716,907.18561,795.62952,3315.282,3927.5684,668.79449,323.54382,1118.8094,2668.7744,1498.4242,428.95117,315.9162,292.39627,134.46382,31.621492,3.076195,22.368731,3.9821973,17.004425,1.6214964,1.3818517,4.1218228,5.2356019,2.4886878,,,0.0,0.88436878,1.0998681,1.7505471,1.5224011,0.0,0.0,,0.83839864,0.41433603,0.61399919,7.8819723,0.79808462,1.5757337,0.58365756,2.6923077,,,,,,
Oman,,18910.432,22855.447,11951.942,21511.133,15298.535,9211.4385,33316.133,12903.101,6723.7324,6744.9336,2777.7036,1281.8706,2348.1482,3606.6746,2443.9978,696.46802,116.15628,924.86133,1500.0,84.264435,30.852995,20.563255,5.3333335,2.2202487,3.9911308,6.6137567,6.5359478,2.1422451,0.4192872,7.3619633,9.956193,5.0329075,9.012392,6.5241032,6.5903573,0.98651761,1.5446401,3.7518036,0.0,,0.0,,,,,,
Pakistan,36.271984,103.19219,44.599133,92.619736,357.44244,347.54129,366.00143,359.49292,238.35774,243.38919,194.12971,289.37637,444.0712,467.64337,547.35651,22.459555,202.31429,5.5721126,26.084204,16.847965,11.864407,14.003208,8.6550522,14.315927,17.640432,21.712479,14.900053,27.182011,26.981625,32.091427,28.173498,19.368462,48.639668,17.469891,6.8990803,5.1661181,25.334194,25.180269,45.224606,48.147354,7.3836136,2.0382192,,,,,,
Palau,0.0,0.0,0.0,0.0,0.0,0.0,0.0,0.0,0.0,0.0,0.0,0.0,0.0,0.0,0.0,66.666664,0.0,0.0,0.0,5812.5,0.0,0.0,0.0,0.0,52.63158,0.0,0.0,,0.0,,0.0,0.0,0.0,0.0,0.0,0.0,0.0,0.0,0.0,0.0,0.0,0.0,,,,,,
Panama,298.99942,140.40115,735.34338,1384.6572,1244.5624,2252.7188,1059.1207,2138.2034,1935.3905,280.39584,164.97696,1935.5565,1850.595,813.20105,159.56099,124.43158,765.27722,963.1391,328.02795,34.220531,1.1177347,6.9343066,0.0,0.0,0.0,0.0,0.0,0.0,0.0,0.0,0.0,0.0,0.0,0.0,0.0,0.0,0.0,1.0787487,0.0,0.0,0.0,0.0,,,,,,
Papua New Guinea,1477.8729,1449.6178,2074.7378,2342.4343,2578.8799,2923.7473,3669.7942,4861.3892,3654.0771,2788.8147,2672.9832,1496.7062,4882.957,2552.7764,1595.4645,2329.7671,1060.7466,619.48901,1462.5221,1765.6418,1429.6793,762.15771,460.57349,131.5228,216.97221,1160.9576,1280.5096,703.81384,3005.8,642.65515,224.76469,193.50752,0.15455951,0.0,0.0,0.0,0.0,0.0,0.0,1.580403,296.41568,4.7979798,,,,,,
Paraguay,954.84583,50.161232,465.05939,543.78192,161.63292,423.07693,234.20308,130.84683,157.70715,363.24292,274.38342,181.37254,161.46109,448.39124,189.03355,94.054581,331.2767,121.67477,194.90187,454.86569,26.230919,15.332913,2.6688564,28.714859,13.755158,0.0,0.0,0.0,0.0,0.0,0.0,0.0,0.0,0.0,0.0,0.0,0.0,0.0,0.0,0.0,0.0,0.0,,,,,,
Peru,518.23639,443.13855,624.10486,549.59216,205.32411,788.47858,1108.7045,566.00909,697.24567,408.30655,682.67017,480.58328,305.01102,305.10464,276.6619,53.582291,33.765518,45.505543,994.19446,74.62043,28.366993,14.684471,4.2960601,3.8264792,0.3968254,0.4694652,0.038587689,0.0,0.0,0.0,0.0,0.0,0.0,0.0,0.034913763,0.0,0.0,0.0,0.0,0.0,0.0,0.12748191,,,,,,
Philippines,572.8269,682.84296,704.19916,634.45587,620.55902,633.86389,564.69818,554.86902,718.80243,848.97485,1423.9513,1158.9537,1063.9918,1428.9254,1203.1779,1142.3036,693.14093,457.21799,603.98004,113.14329,44.052994,56.031273,,126.16164,26.561705,39.051037,91.291412,92.386871,86.082703,126.58975,35.723564,1.3677354,0.10249519,5.9355159,3.757493,15.929127,67.942001,68.620247,15.856793,29.650389,587.88037,6.0855718,,,,,,
Poland,2103.7053,4317.8379,3653.2603,1300.3442,2410.2808,870.7002,700.21106,983.5257,210.39844,308.36365,1475.9761,960.97388,182.20271,34.257706,26.663483,191.00113,1487.8408,63.529163,96.748009,36.819427,22.509378,19.556341,16.595678,8.7703362,58.483322,2.5672941,1.997406,3.4523933,0.88348407,1.2487317,0.28648818,0.33886817,3.1298089,1.043569,,3.0006523,0.33922186,,1.8529634,2.1926963,,,,,,,,
Portugal,,,,,,,,,,,,,,81.536453,229.48679,1185.1443,40.892193,27.571686,20.779221,87.618103,319.70703,18.916256,10.989011,12.606274,9.3457947,4.8482499,4.3457265,,0.76599002,0.76284927,0.474924,0.66250235,0.0,0.0,0.093879081,0.28139949,0.46939543,0.1882353,2.1735022,0.0949848,,0.76790172,,,,,,
Qatar,1396.1039,768.29266,1390.8046,2065.9341,1661.4584,1960.9756,1750.0,6004.0322,1826.7148,2640.7766,2598.2405,3800.5391,5263.8193,969.19434,860.36035,2344.1558,659.66388,1156.0575,137.09677,171.31474,61.143986,0.0,72.796936,820.56073,210.90909,,77.702705,37.277149,52.63158,34.833092,38.208168,85.549133,142.57426,303.36136,,70.395981,165.73033,51.741802,75.829384,32.444443,19.376579,7.2522159,,,,,,
Romania,5709.291,5109.5264,5206.7012,5625.2036,4942.9507,2955.4705,463.29382,949.16449,2700.3765,205.98369,91.600403,216.71571,1466.7959,507.59265,77.32399,164.87027,199.71051,75.59478,259.31631,1217.7932,269.42377,95.275421,39.729874,1041.7974,425.10464,10.768126,1.5817064,0.45487627,0.64058566,0.414193,5.4189243,235.31332,150.44247,16.780756,0.57634121,0.38801047,9.4422703,206.42586,369.34213,57.753639,2.9539878,0.2012376,,,,,,
Russia,,,,,,,,,,,,,,,,,124.48836,138.13531,125.20396,501.66745,193.19193,44.709991,48.084064,19.449408,42.169617,50.558128,32.787556,14.209786,3.994628,22.761698,16.966921,3.1611636,8.002903,1.2085226,0.18870166,0.70583469,0.90112746,4.3904958,14.802574,16.288641,32.769665,5.8587236,,,,,,
Rwanda,11413.769,10259.463,17617.334,15778.185,20025.604,12297.504,15639.37,14935.842,6702.8604,3525.0264,2935.9063,2738.562,6671.1924,1840.0178,620.76813,752.3559,1239.6351,825.29779,2600.5669,1565.238,999.00085,4870.7827,652.16681,120.6685,,574.08142,261.02667,107.57594,320.75912,122.58064,43.774097,14.346086,53.654827,2.7521966,0.618047,0.50115263,11.808334,2.9478889,6.9515247,1.536376,0.88144559,0.085984521,,,,,,
Saint Kitts and Nevis,0.0,,,22.727272,204.54546,19906.977,7093.0234,1209.3024,3209.3022,12930.232,47.619049,642.85712,523.80951,512.19513,292.68292,292.68292,1951.2195,0.0,0.0,0.0,0.0,23.255814,0.0,0.0,0.0,0.0,0.0,0.0,0.0,0.0,0.0,0.0,0.0,0.0,0.0,0.0,0.0,0.0,0.0,0.0,0.0,0.0,,,,,,
Saint Lucia,3504.5872,4727.2729,6531.5317,0.0,1165.2174,77.586205,296.61017,1116.6666,16851.24,577.23578,104.83871,71.428574,248.06201,30.534351,29.850746,73.529411,217.39131,14.285714,0.0,0.0,0.0,13.605442,0.0,0.0,0.0,0.0,0.0,0.0,0.0,0.0,0.0,0.0,0.0,0.0,0.0,0.0,0.0,0.0,0.0,0.0,0.0,0.0,,,,,,
Saint Vincent and the Grenadines,10.526316,2104.1667,72.164948,,0.0,400.0,2544.5544,188.1188,7421.5688,611.65051,144.23077,48.076923,19.047619,9.4339619,93.457947,9.3457947,9.2592592,0.0,0.0,0.0,0.0,0.0,0.0,0.0,0.0,0.0,0.0,0.0,0.0,0.0,0.0,0.0,0.0,0.0,0.0,0.0,0.0,0.0,0.0,0.0,0.0,0.0,,,,,,
Samoa,3586.6667,2079.4702,8868.4209,1568.6274,6662.3379,438.70969,2410.2563,461.53845,178.34395,44.303799,0.0,6843.75,6.2111802,0.0,0.0,6.1728396,0.0,0.0,24.096386,41.916168,0.0,0.0,508.77194,0.0,46.242775,,,,,0.0,0.0,0.0,0.0,,,0.0,43.010754,0.0,5.2910051,,,,,,,,,
San Marino,,,,,,,,,,,,,,,,,41.666668,41.666668,280.0,240.0,,,,814.81482,,0.0,37.037037,,,107.14286,0.0,0.0,0.0,0.0,,0.0,0.0,0.0,31.25,,,,,,,,,
Sao Tome and Principe,5876.543,,282.35294,91.954025,2066.6667,3892.4731,5463.1577,2000.0,30.30303,2160.0,5647.0586,596.15387,657.14288,0.0,1082.5688,,87.719299,0.0,0.0,727.27271,2572.5806,182.53969,0.0,0.0,,,0.0,0.0,0.0,0.0,0.0,0.0,0.0,0.0,0.0,0.0,0.0,0.0,0.0,0.0,0.0,0.0,,,,,,
Saudi Arabia,6686.7827,3657.6929,3641.3865,2964.8931,4261.8662,3336.2744,4734.1138,3452.3005,3013.5771,3794.0327,2439.4873,1394.5713,1646.1172,2011.5654,542.72516,227.72278,333.12918,377.51956,650.15247,178.1635,68.42881,137.38258,125.81016,203.93726,277.58777,138.71095,,7.275629,14.197023,53.555595,80.933319,15.602777,32.834244,184.05734,6.0907445,3.0756536,12.178226,12.819605,10.107956,38.872562,5.0037365,6.9398232,,,,,,
Senegal,7302.9985,5382.2935,9142.9414,8640.4629,5623.3301,7193.0981,5210.7993,6002.7827,5469.5947,4341.1475,,,1021.6871,500.87033,224.53574,1492.7002,662.25519,1466.8806,1913.6986,1776.233,698.30829,,899.15314,716.9729,700.14868,380.26126,590.75275,2446.1221,1748.9661,142.34842,2.8294997,0.0,0.25958294,0.92639381,0.49164209,79.595253,33.137196,1.3532817,3.3566842,1.203966,2.1999176,3.8726046,,,,,,
Serbia,2892.1104,3740.3789,3669.8135,3222.6711,3163.0273,2106.2407,4203.0757,2323.6506,1526.3855,1420.5741,2200.9138,2736.9502,1520.3094,923.75964,705.43793,1708.7081,523.00903,103.19691,217.29718,1712.6378,81.119446,53.014973,46.469154,479.60748,95.208595,30.065769,4.0050592,3.718262,6.7358065,1.6123831,1.1881616,0.21703744,0.21803118,22.003284,0.21978022,0.1103144,2.2148395,41.138538,0.0,0.11210762,4.1643219,43.271946,,,,,,
Seychelles,,,0.0,0.0,,30.76923,45.454544,59.701492,5102.9414,3869.5652,275.3623,142.85715,57.142857,28.571428,0.0,71.428574,183.09859,83.333336,0.0,0.0,0.0,0.0,25.641026,38.46154,7924.0508,25.0,,0.0,0.0,0.0,0.0,0.0,111.11111,11.111111,0.0,0.0,0.0,0.0,0.0,0.0,0.0,0.0,,,,,,
Sierra Leone,453.70688,,154.75024,170.33493,47.055157,1248.3262,1077.266,989.25983,1163.688,1198.947,1085.6989,881.8421,41.922291,247.83148,49.843487,147.09343,192.48608,65.483055,211.03671,531.22821,26.610643,80.467834,,83.85598,,,783.30414,136.94873,114.58543,112.69231,1.2867647,5.1254859,5.6419902,0.0,7.137064,4.9128366,168.60194,282.06293,100.20692,2.1670039,142.11047,83.874535,,,,,,
Singapore,0.89847261,3.0973451,0.0,110.15119,,,,313.41464,780.38123,262.40311,914.14526,50.258686,78.871201,43.61702,66.736183,49.659863,47.461002,69.744911,190.02823,0.0,46.971935,53.176201,,387.22937,30.554811,17.02462,36.024529,101.51779,51.077221,7.7665334,21.967964,7.3480296,4.9869905,3.1692374,3.7105751,3.221909,9.8541584,28.593508,7.9681277,25.741467,,,,,,,,
Slovakia,,,,,,,,,,,,,,,,,8.8880482,39.743832,77.875771,103.04844,5.4074211,0.37209302,0.0,115.00649,98.239113,0.0,0.0,0.0,0.0,0.18518518,0.37043896,0.0,0.0,0.0,0.0,0.0,0.0,0.0,0.0,0.0,0.0,0.18385732,,,,,,
Slovenia,,,,,,,,,,,,,,,,,,15.936255,4.985045,3.498251,67.13427,199.89955,4.0221219,4.527163,6.5392356,0.50301808,,0.0,0.0,0.0,0.0,0.0,0.0,0.0,0.0,0.0,0.9779951,10.716025,0.97087377,0.48402712,25.108643,8.6746988,,,,,,
Solomon Islands,,,,14115.385,14204.651,174.88789,1471.8615,8840.3359,13540.65,3619.6079,904.94299,7.380074,0.0,1512.1951,2010.1694,45475.246,1099.359,140.18692,260.60605,4504.4248,1833.8109,0.0,0.0,0.0,0.0,,,0.0,0.0,0.0,0.0,0.0,0.0,0.0,0.0,0.0,0.0,0.0,0.0,0.0,,0.0,,,,,,
Somalia,,,,,14.581026,,,,,92.284866,72.169533,18.845701,10.164077,31.632944,41.311932,135.37956,,,,,,,231.88039,,365.11517,633.37158,440.01776,384.35043,999.47723,839.46729,1187.0304,,0.65310693,104.08552,95.083122,1.1103519,9.541193,1394.4377,782.12158,241.62352,756.97479,539.0423,,,,,,
South Africa,,,,,,141.81342,644.92609,517.76764,411.93744,520.69073,490.52939,530.21051,390.22906,640.33496,424.17502,497.21021,282.84656,124.27806,577.87091,319.35483,166.06419,210.15491,151.54199,30.625101,22.018391,8.5443525,31.906054,25.137436,22.17922,5.120779,17.203142,12.597038,1.6408386,0.62140435,0.77362531,114.90848,242.29912,1.7602938,0.60379636,0.46496922,1.210121,0.30746415,,,,,,
South Korea,139.89651,140.53183,203.84433,138.80818,166.19817,67.51786,133.95532,59.756004,172.94537,17.483397,55.73201,31.439144,44.052437,45.093666,37.513958,56.334713,79.561073,,,,175.85776,1.5673635,1.5516752,0.043287233,0.085787207,,688.95874,483.30643,1.2915322,0.68372524,0.22681348,0.14371356,0.572644,3.9541805,0.040634714,0.34427592,2.3005672,0.84430593,0.040038437,2.1327913,8.7722778,0.13835633,,,,,,
South Sudan,,,,,,,,,,,,,,,,,,,,,,,,,,,,,,,,,,,,,,120.20289,180.44,46.971458,38.244732,73.893288,,,,,,
South-East Asia,,,,,,,197.6369,295.92471,244.58337,192.33679,272.81085,215.61172,173.84369,269.81003,242.53474,359.30026,178.75806,164.45802,128.95822,105.92739,111.9093,72.877556,72.490799,80.70919,42.963547,32.124008,51.974258,53.210693,49.242874,59.613285,69.52388,54.388565,59.117504,43.689327,42.511162,48.778316,30.953875,39.200874,26.139194,16.56146,22.484632,23.768253,,,,,,
Spain,4154.7563,4993.4121,3658.208,3519.0676,3492.7029,2497.2122,3844.8025,3853.0378,4165.022,7902.3213,1005.8416,2077.0161,5649.9048,899.86432,579.96527,839.01892,550.80652,620.38422,618.98975,302.35373,170.90407,221.83505,124.07208,45.898537,11.06892,6.0680809,3.716018,,1.59577,6.0019226,0.59974164,0.49951184,8.0937262,5.8818345,6.4568024,0.88217574,6.4545083,81.050545,25.6952,2.8052592,3.3102617,2.4785552,,,,,,
Sri Lanka,117.0197,363.50418,402.41205,407.34253,421.66104,414.22678,334.66348,408.04034,856.15686,519.55237,828.47473,580.84052,379.88181,210.716,155.78723,45.584713,231.04443,108.09578,39.512993,31.122763,31.274174,22.35984,8.6000433,10.553661,9.5309896,129.46596,879.93823,16.337969,7.2931423,3.3827739,1.8066381,0.15364917,0.0,2.2209883,1.6544671,1.0460773,3.9112782,2.9534826,2.4969401,102.64529,81.74942,75.697594,,,,,,
Sudan,4901.3042,4778.3267,1951.1846,2693.9011,1215.8401,3143.4795,3458.1926,4312.5044,4380.6064,174.19916,143.47461,3927.3098,1528.186,89.32962,395.73837,776.03204,698.58051,1436.4889,784.15741,30.307064,41.245502,34.891922,103.24377,13.774105,21.150593,125.79396,105.50072,156.09233,157.91492,148.83136,316.76935,44.448757,7.2135921,10.12917,3.9144287,2.0207424,19.77549,159.69518,236.81578,76.336502,17.912979,92.7603,,,,,,
Suriname,0.0,,396.12189,,0.0,0.0,699.72455,1972.4518,1777.4725,46.575344,108.69566,296.49597,98.143234,13.020833,173.91304,0.0,85.995087,0.0,0.0,0.0,0.0,0.0,0.0,0.0,0.0,0.0,0.0,0.0,0.0,0.0,0.0,0.0,0.0,0.0,0.0,0.0,0.0,0.0,0.0,0.0,0.0,0.0,,,,,,
Sweden,913.13922,956.56946,1067.0072,1249.9091,834.60193,1044.3374,214.76671,425.22522,747.1485,555.20886,120.26379,39.004547,20.632082,,4.4890728,7.2821236,3.3850822,2.8985507,6.5615287,2.8581228,2.3869061,2.6029878,4.9667006,6.9906416,,,6.6426482,0.56192404,1.0088555,0.33515808,0.55611169,1.4382122,2.0888302,0.10913456,2.7065065,0.32213035,0.63897765,2.7466724,3.1443245,5.3042121,2.6834555,2.253175,,,,,,
Switzerland,,,,,,,,,,,,,,1132.8843,1156.4211,407.9166,298.12735,400.53406,630.96112,435.28729,201.12053,199.45862,283.246,902.42529,281.09628,112.07621,,97.181732,,78.7164,5.3082891,8.0971661,,134.25926,264.452,123.8206,9.831461,78.310211,7.5946217,21.517275,2.7946537,4.2067308,,,,,,
Syria,272.0033,272.95648,135.21487,185.0887,127.39923,192.90517,165.49098,186.85832,83.420227,88.439484,136.50053,39.909851,195.74699,25.701963,4.9492278,60.347683,42.985699,28.014046,28.361265,169.5665,95.627243,94.945976,139.61369,451.34085,346.10947,0.18731269,8.896472,17.295879,31.484083,45.994831,10.613804,20.497404,27.332804,20.526665,0.93480933,1.0564226,1.236976,0.62308282,0.6365996,37.356758,30.932667,2.4019215,,,,,,
Tajikistan,,,,,,,,,,,,,,,,,1305.2611,229.77226,443.2128,901.85913,93.485916,9.7137899,7.1794872,654.19617,509.79742,28.945217,30.888031,6.0060062,143.7655,325.9845,0.59585875,,0.42851022,0.27964205,0.0,0.0,0.0,0.12794268,2.0012507,0.12227929,0.0,0.35091823,,,,,,
Tanzania,,,2014.2484,3981.4314,4728.5103,3647.8188,3377.4019,4137.7808,5134.0742,3352.2046,1856.5693,2107.9819,1698.2365,1815.1213,609.28479,285.18713,586.01727,1033.175,479.05951,585.13623,122.39001,105.47044,346.48837,230.34613,308.85617,176.82927,428.60904,337.35797,142.10934,45.034859,37.098038,0.58359343,58.127232,184.28586,78.876823,35.24091,3.6226382,34.096405,33.983253,3.653455,1.6846942,0.55679286,,,,,,
Thailand,66.383904,80.122833,127.64192,197.56393,187.1739,283.35345,354.43707,502.6687,562.0484,691.68695,923.63232,617.8974,368.80142,781.48395,657.26984,266.36795,516.83368,466.46756,136.45009,305.8511,656.32745,186.78142,95.709129,248.45557,222.96541,50.82896,64.709808,115.18185,160.98825,70.002327,64.074951,53.893772,54.508995,58.8102,117.06188,90.771805,38.432354,46.734783,76.602203,38.756733,,2.2430015,,,,,,
Timor,,,,,,,,,,,,,,,,,,,,,,,,,,,,,0.0,97.814774,41.123371,197.85574,85.795998,0.0,0.0,9.1575089,45.045044,674.02826,13.828868,3.3783784,38.74691,34.649475,,,,,,
Togo,8069.5801,10084.647,10559.253,9153.2354,14536.103,6945.1382,12480.706,6772.0483,7521.4409,6412.0952,8238.5352,7909.3145,3899.8215,2910.4778,4907.0352,949.26752,1200.9506,2558.9902,1751.5731,988.19189,1752.6417,1437.5293,50.704865,99.228226,805.94147,526.3158,719.91949,358.56808,69.129692,54.720833,11.020777,6.6866093,4.4535799,1.3340003,30.34729,67.140602,18.453022,27.998203,34.698936,80.079514,79.817406,2.6965079,,,,,,
Tonga,386.36365,0.0,27943.82,933.33331,186.81319,5684.7827,25118.279,2010.7527,202.12766,382.97873,53.19149,4382.9785,2478.7234,0.0,0.0,263.1579,684.21051,189.47368,105.26316,0.0,,0.0,0.0,11144.33,371.13403,61.224491,0.0,40.404041,0.0,0.0,0.0,0.0,0.0,0.0,0.0,0.0,0.0,0.0,0.0,0.0,,,,,,,,
Trinidad and Tobago,219.65898,241.3452,574.0741,1540.3846,735.29413,368.56876,353.91705,3264.7327,1145.4059,2100.0879,3076.1245,3030.7429,2246.6216,369.03766,321.9917,1787.4794,418.16693,114.63415,0.0,0.0,0.0,0.0,0.0,0.79302144,0.0,0.0,0.0,0.0,0.0,0.0,0.0,0.0,0.0,0.0,0.0,0.0,0.0,0.0,0.0,0.0,0.0,0.0,,,,,,
Tunisia,,,,,41.288193,56.567284,35.332916,459.43469,271.45828,211.25542,348.06396,650.91504,498.00266,74.492981,36.590015,142.46678,66.439934,148.49133,1379.9838,160.84235,66.651779,74.1716,57.58427,39.535378,12.948731,10.516452,4.8458605,23.60515,9.9351177,2.2132797,0.099820323,1.4848545,0.29423302,0.38842493,0.19217834,0.095038965,0.093984962,1.0222099,4.4089279,1.4525647,1.3460158,1.4191946,,,,,,
Turkey,334.5322,619.87933,540.9306,392.21075,297.74023,266.80466,195.97054,590.0907,190.72243,669.49207,637.36127,299.08008,45.224224,42.934582,178.25719,363.69641,210.89722,410.65991,441.72989,605.16467,412.28894,231.57678,457.24719,377.57568,442.19794,262.15744,256.86273,475.2847,120.08965,88.430229,133.2229,91.306717,0.49445197,0.043105308,0.0,0.056070313,0.096782669,1.5120761,4.6801662,97.708054,7.3347092,4.3694344,,,,,,
Turkmenistan,,,,,,,,,,,,,,,,,761.67212,355.23886,177.4359,619.79553,634.9939,93.393539,22.393282,86.567162,234.53433,101.20914,25.022144,1.9719545,2.3861172,0.21477664,0.21263024,0.0,9.9792099,12.114989,0.0,0.0,0.0,0.0,0.0,0.0,0.0,0.0,,,,,,
Tuvalu,,0.0,125.0,0.0,0.0,11750.0,63625.0,375.0,2500.0,0.0,222.22223,0.0,0.0,31555.555,0.0,0.0,,0.0,111.11111,0.0,0.0,111.11111,5666.6665,1555.5555,,0.0,,0.0,0.0,0.0,0.0,0.0,0.0,0.0,0.0,0.0,0.0,0.0,0.0,,,,,,,,,
Uganda,345.83255,628.2442,1151.526,2343.2134,1512.6925,211.10107,1068.9243,1440.8353,856.26361,3131.853,1416.114,,,,102.44112,39.17844,151.2128,,1957.3795,,2502.2605,2075.8638,1235.6382,574.49921,1885.7751,1836.334,1770.2068,1953.0477,1939.1477,1105.3146,5.1146255,0.77073991,194.1051,123.43903,41.656139,48.85268,38.714432,94.375107,55.829453,209.77792,8.085906,11.906837,,,,,,
Ukraine,,,,,,,,,,,,,,,,,132.92787,103.39467,258.45538,456.99365,192.31671,37.775509,171.563,139.47279,102.65533,28.179586,16.728092,350.59811,158.12839,8.6379013,3.0921721,51.010834,916.50934,21.666019,1.039276,,0.85165852,29.24785,281.06464,,,2.3512025,,,,,,
United Arab Emirates,1178.344,720.21661,1386.3988,1411.7646,2315.7278,1697.479,2683.3013,2515.6111,1421.0084,1679.968,1327.0106,1725.3774,1466.0326,1866.1115,716.78741,608.20044,638.17206,582.74109,509.34357,337.56232,222.41306,273.98938,165.30533,90.0,104.29881,39.156628,21.870047,9.0198441,15.112632,11.223945,5.3816047,6.3318777,,,7.977952,,10.51868,,14.831461,,37.92305,37.906925,,,,,,
United Kingdom,2113.4065,2821.7996,1216.4559,3384.0425,2378.2703,1659.5748,2629.7344,1097.7859,1876.5454,2040.5815,1199.4467,1855.5237,1594.6194,790.87976,1552.134,528.90009,493.64322,204.52048,214.22733,208.46487,406.92947,155.52451,118.05974,83.020546,1.2639849,,1.7641771,1.2341713,5.2907376,7.7207117,3.1561017,1.3103986,12.565169,16.640886,23.277918,19.323055,6.9976463,17.426189,32.56031,29.68704,2.0456502,1.3915012,,,,,,
United States,101.71349,111.19272,185.88947,256.77939,119.18829,59.740772,58.78231,13.469059,7.3206253,6.3339877,10.843596,11.718102,25.841324,14.893868,13.707919,72.73912,110.03049,37.819393,8.6656256,1.1999077,3.6461625,1.1631452,1.8191761,0.50709754,0.36291975,0.35860032,0.3014366,0.40722901,0.14260523,0.19308481,0.12647887,0.22363026,0.18467097,0.14304961,0.46147659,0.23196854,0.20412065,0.7072795,0.17553098,0.59264046,2.0993392,0.58763039,,,,,,
Uruguay,1577.9037,2033.2156,477.29672,1812.3906,191.93324,423.34253,48.353909,5269.165,45.700745,6.0544906,117.60775,53.12085,65.324974,390.16394,24.763767,6.4745874,35.369774,651.341,59.271,5.0346131,0.0,1.5503876,0.61576355,0.6114338,1.8226002,10.275007,0.0,0.0,0.0,0.0,0.0,0.0,0.0,0.0,0.0,0.0,0.0,0.0,0.0,0.0,0.0,0.0,,,,,,
Uzbekistan,,,,,,,,,,,,,,,,,192.69865,185.09856,94.203239,107.33175,74.128624,12.859205,9.7858276,11.005692,36.288986,48.71376,3.2194455,0.87339711,0.979931,3.2906199,2.8669724,27.798733,30.606173,31.620987,0.072160482,0.0,4.0900512,16.375395,,0.0,0.26229507,0.71022725,,,,,,
Vanuatu,,1290.0,233.0097,10688.68,3467.8899,61.946903,336.20691,378.15128,6876.0332,3233.8708,12866.142,7230.769,8000.0,1860.2941,1007.1943,1181.8182,455.78232,3582.7815,993.5484,418.75,164.63414,160.71428,23.255814,645.71429,,66.29834,48.648647,37.037037,520.61853,829.14575,,14.354067,0.0,0.0,0.0,0.0,0.0,0.0,0.0,0.0,38.610039,147.16982,,,,,,
Venezuela,2574.573,2604.2961,1693.573,943.51642,1278.2596,1452.652,635.42755,1982.9336,877.30139,677.79987,693.69214,1255.0834,780.56653,1044.6361,652.40839,524.03546,497.48264,751.18042,574.49878,952.07635,707.17114,7.7515888,3.9293599,1.1683254,0.16971445,0.0,0.89839923,4.6095881,94.13987,0.0,0.0,0.0,2.8635414,1.1555684,0.0,0.0,0.0,0.0,0.033452649,0.0,0.0,0.0,,,,,,
Vietnam,565.96448,1311.2521,1425.6947,2407.8193,2211.5544,2211.0212,1598.238,1121.7373,1272.8518,2147.9485,1471.7784,1346.9672,1096.1095,476.8241,356.86072,334.5267,119.85046,141.72324,166.3152,165.5871,160.33818,82.062263,67.510773,84.012238,149.00641,178.03026,205.66475,148.60735,82.422272,27.75898,2.5979311,4.8630633,23.24461,0.19792758,4.0596023,75.167015,31.7498,8.3857908,6.3901296,12.273492,162.4399,2.7358611,,,,,,
World,,,,,,,944.60339,976.25043,885.51624,812.48938,685.77496,634.49554,451.96292,370.56049,355.17892,357.65976,257.75607,259.91171,269.24329,204.71109,163.44897,125.25328,149.22546,139.69441,115.9599,124.01904,138.88983,136.44814,93.058876,106.53697,79.457748,89.527176,57.002213,42.501221,41.053371,40.536442,49.410412,51.019672,31.949123,38.945988,36.662838,28.449512,,,,,,
Yemen,229.66077,375.34769,1252.8784,1957.3707,1027.4645,2983.2524,2219.2119,2532.0132,2793.1545,3660.1909,4192.6733,2842.9124,1524.0887,1637.7834,943.17773,2315.4561,,5.9232349,181.59988,42.876507,2.3820868,14.685725,,3.1080503,519.94556,1503.3951,,26.37303,47.042656,438.5983,634.86035,305.34906,381.78726,0.59764618,0.31311506,5.6583242,21.603762,110.34142,87.394623,15.639662,31.052351,17.387428,,,,,,
Zambia,23700.313,18421.148,24933.84,21064.498,17908.744,16702.213,16753.1,30228.094,11655.407,7841.1528,5472.7705,7332.854,3328.1272,2002.8433,1643.0264,735.47479,840.66278,342.47574,1302.177,1364.5172,1602.4055,933.89514,1006.9193,738.59521,,2296.6797,2937.043,1570.3068,2251.439,77.131851,2.9832935,3.7338202,37.066948,42.039917,10.70091,1.9322236,1137.4729,927.72522,60.952381,2.3097737,0.5761475,0.55897146,,,,,,
Zimbabwe,,,968.92834,1388.1882,907.20575,1278.3877,3301.2283,672.09363,639.86017,4515.8198,2596.7395,2574.2002,2271.3904,1901.9692,5186.5889,4797.4351,1348.1293,2306.8083,1623.7012,3124.0601,3398.8486,753.44525,3247.6992,1107.6858,172.28622,63.98674,121.33857,42.778587,24.318054,78.993195,2.4260447,32.457497,16.153612,18.154539,0.0,61.762363,688.34302,0.0,0.0,0.0,0.0,0.0,,,,,,
